<?xml version="1.0" encoding="UTF-8"?>
<beans xmlns="http://www.springframework.org/schema/beans"
	xmlns:xsi="http://www.w3.org/2001/XMLSchema-instance"
	xmlns:aop="http://www.springframework.org/schema/aop"
	xmlns:context="http://www.springframework.org/schema/context"
	xmlns:tx="http://www.springframework.org/schema/tx"
	xsi:schemaLocation="
http://www.springframework.org/schema/beans
http://www.springframework.org/schema/beans/spring-beans-3.0.xsd
http://www.springframework.org/schema/aop
http://www.springframework.org/schema/aop/spring-aop-3.0.xsd
http://www.springframework.org/schema/context
http://www.springframework.org/schema/context/spring-context-3.0.xsd
http://www.springframework.org/schema/tx
http://www.springframework.org/schema/tx/spring-tx-3.0.xsd">

	<bean id="accountService"
		class="com.pushp.service.AccountService">
		<property name="accountDao" ref="accountDao" />
	</bean>

	<bean id="accountDao"
		class="com.pushp.dao.AccountDao">
		<property name="jdbcTemplate" ref="jdbcTemplate" />
	</bean>

	<bean id="jdbcTemplate"
		class="org.springframework.jdbc.core.JdbcTemplate">
		<property name="dataSource" ref="dataSource" />
	</bean>

	<tx:annotation-driven
		transaction-manager="transactionManager" />

	<bean id="transactionManager"
		class="org.springframework.jdbc.datasource.DataSourceTransactionManager">
		<property name="dataSource" ref="dataSource" />
	</bean>

	<bean id="dataSource"
		class="org.springframework.jdbc.datasource.DriverManagerDataSource">
		<property name="driverClassName"
			value="org.hsqldb.jdbcDriver" />
		<property name="url" value="jdbc:hsqldb:mem://personDb" />
		<property name="username" value="sa" />
		<property name="password" value="" />
	</bean>

	<bean id="dbUtil"
		class="pushp.util.DbUtil"
		init-method="initialize">
		<property name="dataSource" ref="dataSource" />
	</bean>

</beans>